{
  "fragments/popup.fragment.xml": 1627448207926,
  "controller/master.controller.js": 1627297651923,
  "manifest.json": 1627296180756,
  "model/model.js": 1627363178018,
  "controller/master1.controller.js": 1627451352910,
  "model/mockData/rawData.json": 1627363456412,
  "controller/empty.controller.js": 1627239036168,
  "controller/detail.controller.js": 1627448351711,
  "controller/baseController.js": 1627450086436,
  "controller/appView.controller.js": 1627239036156,
  "Component.js": 1627239036152,
  "manifest-bundle.zip": 1627472565130,
  "Component-preload.js": 1627472565461,
  "Component-dbg.js": 1627239036152,
  "controller/master1-dbg.controller.js": 1627451352910,
  "controller/master-dbg.controller.js": 1627297651923,
  "controller/empty-dbg.controller.js": 1627239036168,
  "controller/detail-dbg.controller.js": 1627448351711,
  "controller/baseController-dbg.js": 1627450086436,
  "controller/appView-dbg.controller.js": 1627239036156,
  "model/model-dbg.js": 1627363178018,
  "view/master1.view.xml": 1627279013039,
  "view/master.view.xml": 1627279093452,
  "view/empty.view.xml": 1627279111640,
  "view/detail.view.xml": 1627362794923,
  "view/appView.view.xml": 1627279150924,
  "fragments/supplier.fragment.xml": 1627370273906,
  "i18n/i18n.properties": 1627296877813,
  "fragments/moreInfo.fragment.xml": 1627366832809,
  "fragments/city.fragment.xml": 1627360870338,
  "index.html": 1627239036188
}